timestamp_ns,timestamp_iso,controller,hs,tp,avg_power,power_out,battery_pct,sea_state_energy,efficiency,peaks,nextwave,nextwave_error,nextwave_error_2
1789598460000000000,2026-09-16T22:41:00Z,Free Response,,,346.76,49.42,50.0,,,,,,
1789598520000000000,2026-09-16T22:42:00Z,Free Response,,,0.0,333.03,50.0,,,,,,
1789598580000000000,2026-09-16T22:43:00Z,Free Response,,,2.04,436.59,50.0,,,,,,
1789598640000000000,2026-09-16T22:44:00Z,Free Response,,,0.73,347.63,50.0,,,,,,
1789598700000000000,2026-09-16T22:45:00Z,Free Response,,,5.78,13.62,50.0,,,,,,
1789598760000000000,2026-09-16T22:46:00Z,Mixed,,,0.87,552.9,50.0,,,,,,
1789598820000000000,2026-09-16T22:47:00Z,Stepwise Random Bounded,,,62.37,208.8,50.0,,,,,,
1789598880000000000,2026-09-16T22:48:00Z,Stepwise Random Bounded,,,-23.36,568.27,50.0,,,,,,
1789598940000000000,2026-09-16T22:49:00Z,Mixed,,,-286.24,135.87,50.0,,,,,,
