timestamp_utc,wall_epoch_seconds,ros_seconds,event,controller,previous_controller
2026-09-30T00:55:28.106524Z,1790729728.106523536,0.000000000,controller_started,free_response,
2026-09-30T00:55:28.109734Z,1790729728.109734389,201.630000000,controller_minute,free_response,
2026-09-30T00:56:08.850080Z,1790729768.850080567,240.000000000,controller_minute,free_response,
2026-09-30T00:57:14.542148Z,1790729834.542148464,300.000000000,controller_minute,free_response,
2026-09-30T00:58:21.577891Z,1790729901.577890767,360.000000000,controller_minute,free_response,
2026-09-30T00:59:28.487766Z,1790729968.487765734,420.000000000,controller_minute,free_response,
2026-09-30T01:00:35.606202Z,1790730035.606201671,480.000000000,controller_minute,free_response,
2026-09-30T01:01:44.530381Z,1790730104.530380822,540.000000000,controller_minute,free_response,
2026-09-30T01:02:51.958633Z,1790730171.958632978,600.000000000,controller_minute,free_response,
2026-09-30T01:04:00.972253Z,1790730240.972253075,660.000000000,controller_minute,free_response,
2026-09-30T01:05:06.884985Z,1790730306.884985121,720.000000000,controller_minute,free_response,
2026-09-30T01:06:15.875049Z,1790730375.875048893,780.000000000,controller_minute,free_response,
2026-09-30T01:07:24.681314Z,1790730444.681313871,840.000000000,controller_minute,free_response,
2026-09-30T01:08:35.617688Z,1790730515.617688472,900.000000000,controller_minute,free_response,
2026-09-30T01:09:44.143701Z,1790730584.143701133,960.000000000,controller_minute,free_response,
2026-09-30T01:10:52.865058Z,1790730652.865058011,1020.000000000,controller_minute,free_response,
