timestamp_utc,wall_epoch_seconds,ros_seconds,event,window_start_time,window_end_time,n_measurements,n_windows,solve_time_min_s,solve_time_max_s,solve_time_avg_s,solver_error,solver_objective,num_wavelengths,has_wavespec_bulk,wavespec_hs,wavespec_tp,wavespec_tm01,wavespec_tm02,wavespec_dp,wavespec_dm,wavespec_spreadp,forecast_skill_mean,forecast_skill_lead_sec,forecast_skill_n_scored,forecast_skill_buoy_0,forecast_skill_buoy_1,forecast_skill_buoy_2,forecast_skill_buoy_3
2026-09-30T00:55:28.106629Z,1790729728.106628862,0.000000000,nextwave_pre_window_fill,,,,,,,,,,,,,,,,,,,,,,,,,
2026-09-30T00:55:28.109562Z,1790729728.109562008,201.630000000,nextwave_summary,,,,,,,,,,,,,,,,,,,,,,,,,
2026-09-30T00:56:34.509045Z,1790729794.509044658,263.590000000,nextwave_running,,,,,,,,,,,,,,,,,,,,,,,,,
2026-09-30T00:56:35.943365Z,1790729795.943364759,265.000000000,nextwave_summary,147.5,263.9,583,2,0.7283759117126465,8.079794883728027,4.404085397720337,0.8444164395332336,72.70320995609292,1000,1,3.1430520492450076,14.607018483793192,11.659768504517094,10.51827892521468,267.92962142792555,267.3314683178734,30.43412339297084,0.08895219971722512,4.0,1,-0.16973915198938938,-3.4003082271187965,-13.025569643387561,0.799145284610508
2026-09-30T00:57:42.859137Z,1790729862.859136878,325.000000000,nextwave_summary,206.9,323.41,583,59,0.5918865203857422,2.6793594360351562,0.6965845560623427,0.7626802921295166,60.14251445076196,1000,1,3.1430520492450076,14.607018483793192,11.659768504517094,10.51827892521468,267.92962142792555,267.3314683178734,30.43412339297084,-0.7536234575479205,4.0,57,-0.9015302283822084,-2.955361932889291,-1.6601351879314112,-0.6509324861335677
2026-09-30T00:58:47.707971Z,1790729927.707970986,385.000000000,nextwave_summary,267.3,383.81,582,58,0.5788440704345703,3.4782474040985107,0.672976880237974,0.49813318252563477,62.03244408644812,1000,1,3.1430520492450076,14.607018483793192,11.659768504517094,10.51827892521468,267.92962142792555,267.3314683178734,30.43412339297084,0.18576021727880757,4.0,115,0.38070908773015405,-0.006185581966865358,0.2858784095104881,0.028813409442354488
2026-09-30T00:59:54.713777Z,1790729994.713776768,445.000000000,nextwave_summary,327.41,443.82,582,60,0.5820488929748535,0.7443618774414062,0.6449932972590129,0.7427624464035034,84.24615833816497,1000,1,3.1430520492450076,14.607018483793192,11.659768504517094,10.51827892521468,267.92962142792555,267.3314683178734,30.43412339297084,0.4828689113140842,4.0,137,0.4966523677844237,0.3858098851428363,0.6289775581146123,0.3808146071974758
2026-09-30T01:01:03.347664Z,1790730063.347663635,505.000000000,nextwave_summary,386.41,502.82,582,60,0.5899732112884521,2.7808191776275635,0.7271854003270467,0.5476890802383423,83.56496100516398,1000,1,3.1430520492450076,14.607018483793192,11.659768504517094,10.51827892521468,267.92962142792555,267.3314683178734,30.43412339297084,0.5247422339839228,4.0,137,0.4556144188900562,0.2532180076416592,0.7050219164299458,0.5964768564579088
2026-09-30T01:02:10.923452Z,1790730130.923451923,565.000000000,nextwave_summary,435.22,563.43,640,57,0.5798091888427734,3.142761468887329,0.7398136624118739,0.6890698075294495,197.91038338535296,1000,1,4.43197420497953,12.437568209061784,12.827870975351235,11.869209475859066,277.4053355936446,272.93916460458524,12.258442443587608,0.36316785195899964,4.0,138,0.29231040556754495,-0.2519833450239627,0.6239802375430515,0.5857045461684852
2026-09-30T01:03:18.563193Z,1790730198.563193253,625.000000000,nextwave_summary,495.32,623.43,640,59,0.5735976696014404,2.790497303009033,0.6780540619866323,1.1201176643371582,230.20536053339004,1000,1,4.43197420497953,12.437568209061784,12.827870975351235,11.869209475859066,277.4053355936446,272.93916460458524,12.258442443587608,0.20269336488831538,4.0,137,0.12075594838921178,-0.254350687529412,0.5708158856068243,0.4286880132416017
2026-09-30T01:04:26.942330Z,1790730266.942329890,685.000000000,nextwave_summary,555.33,683.44,640,60,0.5765230655670166,2.5389089584350586,0.6706918239593506,0.7494616508483887,227.15385659435026,1000,1,4.43197420497953,12.437568209061784,12.827870975351235,11.869209475859066,277.4053355936446,272.93916460458524,12.258442443587608,0.20782966148661497,4.0,136,-0.011331080652392321,-0.1268614845600797,0.6465783202823315,0.4487085194046618
2026-09-30T01:05:36.014246Z,1790730336.014246493,745.000000000,nextwave_summary,615.43,743.44,640,60,0.582711935043335,3.346020221710205,0.7278606772422791,0.7614949941635132,244.84485085254087,1000,1,4.43197420497953,12.437568209061784,12.827870975351235,11.869209475859066,277.4053355936446,272.93916460458524,12.258442443587608,0.18519938965261265,4.0,140,-0.220331881015612,-0.37000583662724346,0.6508821955376051,0.6483725259114862
2026-09-30T01:06:44.671443Z,1790730404.671442991,805.000000000,nextwave_summary,674.83,802.85,641,56,0.5809881687164307,3.6185927391052246,0.7577892797333854,1.431227207183838,319.61118447178507,1000,1,4.43197420497953,12.437568209061784,12.827870975351235,11.869209475859066,277.4053355936446,272.93916460458524,12.258442443587608,-0.09377939473770515,4.0,136,0.021514063579847125,-1.6063976810185892,0.5330343301750797,0.4409339262237896
2026-09-30T01:07:56.226758Z,1790730476.226758066,865.000000000,nextwave_summary,741.24,863.36,609,56,0.581089973449707,7.380747318267822,0.8073740090642657,0.7469315528869629,161.44538659069192,1000,1,4.148405535963056,14.581534798696026,12.215109161265156,11.129079740898007,270.2764650780001,267.04272612474017,25.383532915110926,-0.6461785239981255,4.0,135,-0.12134401434578126,-3.4396078448403062,0.4092478630273465,0.07178264218846157
2026-09-30T01:09:04.536517Z,1790730544.536516840,925.000000000,nextwave_summary,801.25,923.46,609,60,0.562720775604248,0.7831540107727051,0.6599138975143433,0.6057831645011902,171.97294719729973,1000,1,4.148405535963056,14.581534798696026,12.215109161265156,11.129079740898007,270.2764650780001,267.04272612474017,25.383532915110926,-0.4654119397131649,4.0,135,-0.2825099882552597,-2.3394875385348093,0.4657376335108896,0.07051567184472972
2026-09-30T01:10:13.381198Z,1790730613.381198328,985.000000000,nextwave_summary,861.56,983.47,609,60,0.5690939426422119,3.649834394454956,0.7372975865999858,0.592715859413147,154.67562910813584,1000,1,4.148405535963056,14.581534798696026,12.215109161265156,11.129079740898007,270.2764650780001,267.04272612474017,25.383532915110926,-0.19891588843398295,4.0,136,-0.8720766078462732,-0.7983613925572527,0.45174025309077037,0.3631359993126065
